{"cameraMode":{"drawMode":0,"name":"Shaded","section":"Shading Mode"},"sceneLighting":false,"audioPlay":false,"sceneViewState":{"m_AlwaysRefresh":false,"showFog":true,"showSkybox":false,"showFlares":true,"showImageEffects":true,"showParticleSystems":true,"showVisualEffectGraphs":true,"m_FxEnabled":true},"in2DMode":false,"pivot":{"x":-0.12995782494544984,"y":0.8864608407020569,"z":0.5120969414710999},"rotation":{"x":-0.3776688873767853,"y":-0.006380436010658741,"z":0.002630028408020735,"w":-0.9258590936660767},"size":1.1280514001846314,"orthographic":false}